Categoria,Link
Automotivo,https://upload.wikimedia.org/wikipedia/commons/9/9e/2025_Analogue_Automotive_VHPK_2.jpg
Serviços,https://upload.wikimedia.org/wikipedia/commons/a/ab/Final_assembly_2.jpg
Ferramentas e Construção,https://upload.wikimedia.org/wikipedia/commons/0/0a/DIY_means_choosing_the_right_tool_for_the_purpose_-_a_watchmaker%27s_nightmare.jpg
Pets,https://upload.wikimedia.org/wikipedia/commons/f/fe/2026_Warszawa_CH_Arkadia%2C_sklep_zoologiczny%2C_dzia%C5%82_akwarystyczny%2C_1.jpg
Beleza e Saúde,https://upload.wikimedia.org/wikipedia/commons/5/5d/Skin_Care_Set.jpg
Esporte e Lazer,https://upload.wikimedia.org/wikipedia/commons/b/b0/Indoor_physical_exercise.jpg
Relógios e Presentes,https://upload.wikimedia.org/wikipedia/commons/0/02/Rolex_Day-Date_Lacquered_Stella_Dial.jpg
Bebês,https://upload.wikimedia.org/wikipedia/commons/7/74/Personalized_red_baby_long_johns_hanging_on_hangar_on_baby_crib_with_stuffed_elephant_and_chick_%2816807049549%29.png
Outros,https://upload.wikimedia.org/wikipedia/commons/8/8f/Kitchen_tools%2C_2012.jpg
Casa e Decoração,https://upload.wikimedia.org/wikipedia/commons/f/f4/Furniture_exhibits_in_Masfurniture%2C_Hunsur_%283%29.jpg
Livros,https://upload.wikimedia.org/wikipedia/commons/c/c2/Paris_75005_Quai_de_Montebello_Bouquinistes_20071014.jpg
Indústria e Comércio,https://upload.wikimedia.org/wikipedia/commons/0/0d/D%C3%BClmen%2C_Kirchspiel%2C_Erdbeerfeld_--_2015_--_6492-6.jpg
Eletrodomésticos,https://upload.wikimedia.org/wikipedia/commons/2/25/Askemo_home_appliances.jpg
Artes e Artesanato,https://upload.wikimedia.org/wikipedia/commons/c/c9/Rubik_cube_%28345056969%29.jpg
Alimentos e Bebidas,https://upload.wikimedia.org/wikipedia/commons/6/6d/Good_Food_Display_-_NCI_Visuals_Online.jpg
Papelaria e Escritório,https://upload.wikimedia.org/wikipedia/commons/d/de/001_2019_12_03_Bueromaterial.jpg
Música e Instrumentos,https://upload.wikimedia.org/wikipedia/commons/6/60/Cascio_Interstate_Music_SuperStore_Acoustic_Guitar_Cabin.jpeg
Festas e Decoração,https://upload.wikimedia.org/wikipedia/commons/f/fc/Christmas_Tree_and_Presents.jpg
Moda e Acessórios,https://upload.wikimedia.org/wikipedia/commons/7/74/HK_%E9%87%91%E9%90%98_Admiralty_%E5%A4%AA%E5%8F%A4%E5%BB%A3%E5%A0%B4_Pacific_Place_shopping_mall_shop_Gucci_Store_November_2022_Px3_01.jpg
Eletrônicos,https://upload.wikimedia.org/wikipedia/commons/4/40/Cptvdisplay.jpg

